measurement_type,category,attack_case,run,accepted,rejected,rejection_stage,reason,latency_ms,budget_invariant_violation
measured,context,wrong_request,0,0,1,settlement,"VM Exception while processing transaction: reverted with custom error 'RequestNotFound(""0x1b09937d9ba84731043040eaf13f9dbb05bbba183da8ac5e9df29042b3759b02"")'",14.132299999706447,0
measured,context,wrong_request,1,0,1,settlement,"VM Exception while processing transaction: reverted with custom error 'RequestNotFound(""0x1b09937d9ba84731043040eaf13f9dbb05bbba183da8ac5e9df29042b3759b02"")'",2.9084000000730157,0
measured,context,wrong_request,2,0,1,settlement,"VM Exception while processing transaction: reverted with custom error 'RequestNotFound(""0x1b09937d9ba84731043040eaf13f9dbb05bbba183da8ac5e9df29042b3759b02"")'",3.9989999998360872,0
measured,context,wrong_request,3,0,1,settlement,"VM Exception while processing transaction: reverted with custom error 'RequestNotFound(""0x1b09937d9ba84731043040eaf13f9dbb05bbba183da8ac5e9df29042b3759b02"")'",2.2629999993368983,0
measured,context,wrong_request,4,0,1,settlement,"VM Exception while processing transaction: reverted with custom error 'RequestNotFound(""0x1b09937d9ba84731043040eaf13f9dbb05bbba183da8ac5e9df29042b3759b02"")'",2.310899999924004,0
measured,context,wrong_request,5,0,1,settlement,"VM Exception while processing transaction: reverted with custom error 'RequestNotFound(""0x1b09937d9ba84731043040eaf13f9dbb05bbba183da8ac5e9df29042b3759b02"")'",2.0575999999418855,0
measured,context,wrong_request,6,0,1,settlement,"VM Exception while processing transaction: reverted with custom error 'RequestNotFound(""0x1b09937d9ba84731043040eaf13f9dbb05bbba183da8ac5e9df29042b3759b02"")'",1.959999999962747,0
measured,context,wrong_request,7,0,1,settlement,"VM Exception while processing transaction: reverted with custom error 'RequestNotFound(""0x1b09937d9ba84731043040eaf13f9dbb05bbba183da8ac5e9df29042b3759b02"")'",2.159900000318885,0
measured,context,wrong_request,8,0,1,settlement,"VM Exception while processing transaction: reverted with custom error 'RequestNotFound(""0x1b09937d9ba84731043040eaf13f9dbb05bbba183da8ac5e9df29042b3759b02"")'",2.810899999924004,0
measured,context,wrong_request,9,0,1,settlement,"VM Exception while processing transaction: reverted with custom error 'RequestNotFound(""0x1b09937d9ba84731043040eaf13f9dbb05bbba183da8ac5e9df29042b3759b02"")'",2.4864999996498227,0
measured,context,wrong_request,10,0,1,settlement,"VM Exception while processing transaction: reverted with custom error 'RequestNotFound(""0x1b09937d9ba84731043040eaf13f9dbb05bbba183da8ac5e9df29042b3759b02"")'",1.8799000000581145,0
measured,context,wrong_request,11,0,1,settlement,"VM Exception while processing transaction: reverted with custom error 'RequestNotFound(""0x1b09937d9ba84731043040eaf13f9dbb05bbba183da8ac5e9df29042b3759b02"")'",2.4361999994143844,0
measured,context,wrong_request,12,0,1,settlement,"VM Exception while processing transaction: reverted with custom error 'RequestNotFound(""0x1b09937d9ba84731043040eaf13f9dbb05bbba183da8ac5e9df29042b3759b02"")'",2.2771000005304813,0
measured,context,wrong_request,13,0,1,settlement,"VM Exception while processing transaction: reverted with custom error 'RequestNotFound(""0x1b09937d9ba84731043040eaf13f9dbb05bbba183da8ac5e9df29042b3759b02"")'",2.57149999961257,0
measured,context,wrong_request,14,0,1,settlement,"VM Exception while processing transaction: reverted with custom error 'RequestNotFound(""0x1b09937d9ba84731043040eaf13f9dbb05bbba183da8ac5e9df29042b3759b02"")'",2.482200000435114,0
measured,context,wrong_request,15,0,1,settlement,"VM Exception while processing transaction: reverted with custom error 'RequestNotFound(""0x1b09937d9ba84731043040eaf13f9dbb05bbba183da8ac5e9df29042b3759b02"")'",2.376299999654293,0
measured,context,wrong_request,16,0,1,settlement,"VM Exception while processing transaction: reverted with custom error 'RequestNotFound(""0x1b09937d9ba84731043040eaf13f9dbb05bbba183da8ac5e9df29042b3759b02"")'",2.2257000003010035,0
measured,context,wrong_request,17,0,1,settlement,"VM Exception while processing transaction: reverted with custom error 'RequestNotFound(""0x1b09937d9ba84731043040eaf13f9dbb05bbba183da8ac5e9df29042b3759b02"")'",2.1781000001356006,0
measured,context,wrong_request,18,0,1,settlement,"VM Exception while processing transaction: reverted with custom error 'RequestNotFound(""0x1b09937d9ba84731043040eaf13f9dbb05bbba183da8ac5e9df29042b3759b02"")'",1.9947000006213784,0
measured,context,wrong_request,19,0,1,settlement,"VM Exception while processing transaction: reverted with custom error 'RequestNotFound(""0x1b09937d9ba84731043040eaf13f9dbb05bbba183da8ac5e9df29042b3759b02"")'",2.087999999523163,0
measured,context,wrong_request,20,0,1,settlement,"VM Exception while processing transaction: reverted with custom error 'RequestNotFound(""0x1b09937d9ba84731043040eaf13f9dbb05bbba183da8ac5e9df29042b3759b02"")'",2.3049999997019768,0
measured,context,wrong_request,21,0,1,settlement,"VM Exception while processing transaction: reverted with custom error 'RequestNotFound(""0x1b09937d9ba84731043040eaf13f9dbb05bbba183da8ac5e9df29042b3759b02"")'",2.013399999588728,0
measured,context,wrong_request,22,0,1,settlement,"VM Exception while processing transaction: reverted with custom error 'RequestNotFound(""0x1b09937d9ba84731043040eaf13f9dbb05bbba183da8ac5e9df29042b3759b02"")'",1.905799999833107,0
measured,context,wrong_request,23,0,1,settlement,"VM Exception while processing transaction: reverted with custom error 'RequestNotFound(""0x1b09937d9ba84731043040eaf13f9dbb05bbba183da8ac5e9df29042b3759b02"")'",2.4579999996349216,0
measured,context,wrong_request,24,0,1,settlement,"VM Exception while processing transaction: reverted with custom error 'RequestNotFound(""0x1b09937d9ba84731043040eaf13f9dbb05bbba183da8ac5e9df29042b3759b02"")'",2.301099999807775,0
measured,context,wrong_request,25,0,1,settlement,"VM Exception while processing transaction: reverted with custom error 'RequestNotFound(""0x1b09937d9ba84731043040eaf13f9dbb05bbba183da8ac5e9df29042b3759b02"")'",2.6098000006750226,0
measured,context,wrong_request,26,0,1,settlement,"VM Exception while processing transaction: reverted with custom error 'RequestNotFound(""0x1b09937d9ba84731043040eaf13f9dbb05bbba183da8ac5e9df29042b3759b02"")'",1.966699999757111,0
measured,context,wrong_request,27,0,1,settlement,"VM Exception while processing transaction: reverted with custom error 'RequestNotFound(""0x1b09937d9ba84731043040eaf13f9dbb05bbba183da8ac5e9df29042b3759b02"")'",2.5921999998390675,0
measured,context,wrong_request,28,0,1,settlement,"VM Exception while processing transaction: reverted with custom error 'RequestNotFound(""0x1b09937d9ba84731043040eaf13f9dbb05bbba183da8ac5e9df29042b3759b02"")'",1.8915000008419156,0
measured,context,wrong_request,29,0,1,settlement,"VM Exception while processing transaction: reverted with custom error 'RequestNotFound(""0x1b09937d9ba84731043040eaf13f9dbb05bbba183da8ac5e9df29042b3759b02"")'",2.212299999780953,0
measured,context,wrong_asset,0,0,1,settlement,VM Exception while processing transaction: reverted with custom error 'ContextMismatch(1)',3.799100000411272,0
measured,context,wrong_asset,1,0,1,settlement,VM Exception while processing transaction: reverted with custom error 'ContextMismatch(1)',2.912399999797344,0
measured,context,wrong_asset,2,0,1,settlement,VM Exception while processing transaction: reverted with custom error 'ContextMismatch(1)',3.300700000487268,0
measured,context,wrong_asset,3,0,1,settlement,VM Exception while processing transaction: reverted with custom error 'ContextMismatch(1)',2.142799999564886,0
measured,context,wrong_asset,4,0,1,settlement,VM Exception while processing transaction: reverted with custom error 'ContextMismatch(1)',2.743600000627339,0
measured,context,wrong_asset,5,0,1,settlement,VM Exception while processing transaction: reverted with custom error 'ContextMismatch(1)',2.9731000000610948,0
measured,context,wrong_asset,6,0,1,settlement,VM Exception while processing transaction: reverted with custom error 'ContextMismatch(1)',2.24379999935627,0
measured,context,wrong_asset,7,0,1,settlement,VM Exception while processing transaction: reverted with custom error 'ContextMismatch(1)',2.4847999997437,0
measured,context,wrong_asset,8,0,1,settlement,VM Exception while processing transaction: reverted with custom error 'ContextMismatch(1)',2.951700000092387,0
measured,context,wrong_asset,9,0,1,settlement,VM Exception while processing transaction: reverted with custom error 'ContextMismatch(1)',2.184000000357628,0
measured,context,wrong_asset,10,0,1,settlement,VM Exception while processing transaction: reverted with custom error 'ContextMismatch(1)',2.113800000399351,0
measured,context,wrong_asset,11,0,1,settlement,VM Exception while processing transaction: reverted with custom error 'ContextMismatch(1)',2.9424999998882413,0
measured,context,wrong_asset,12,0,1,settlement,VM Exception while processing transaction: reverted with custom error 'ContextMismatch(1)',2.5274999998509884,0
measured,context,wrong_asset,13,0,1,settlement,VM Exception while processing transaction: reverted with custom error 'ContextMismatch(1)',2.653599999845028,0
measured,context,wrong_asset,14,0,1,settlement,VM Exception while processing transaction: reverted with custom error 'ContextMismatch(1)',2.2917999997735023,0
measured,context,wrong_asset,15,0,1,settlement,VM Exception while processing transaction: reverted with custom error 'ContextMismatch(1)',2.3519999999552965,0
measured,context,wrong_asset,16,0,1,settlement,VM Exception while processing transaction: reverted with custom error 'ContextMismatch(1)',2.2257999991998076,0
measured,context,wrong_asset,17,0,1,settlement,VM Exception while processing transaction: reverted with custom error 'ContextMismatch(1)',2.528100000694394,0
measured,context,wrong_asset,18,0,1,settlement,VM Exception while processing transaction: reverted with custom error 'ContextMismatch(1)',3.2066999999806285,0
measured,context,wrong_asset,19,0,1,settlement,VM Exception while processing transaction: reverted with custom error 'ContextMismatch(1)',2.2237999998033047,0
measured,context,wrong_asset,20,0,1,settlement,VM Exception while processing transaction: reverted with custom error 'ContextMismatch(1)',2.637300000526011,0
measured,context,wrong_asset,21,0,1,settlement,VM Exception while processing transaction: reverted with custom error 'ContextMismatch(1)',2.4477000003680587,0
measured,context,wrong_asset,22,0,1,settlement,VM Exception while processing transaction: reverted with custom error 'ContextMismatch(1)',2.412100000306964,0
measured,context,wrong_asset,23,0,1,settlement,VM Exception while processing transaction: reverted with custom error 'ContextMismatch(1)',2.3275000005960464,0
measured,context,wrong_asset,24,0,1,settlement,VM Exception while processing transaction: reverted with custom error 'ContextMismatch(1)',2.3192999996244907,0
measured,context,wrong_asset,25,0,1,settlement,VM Exception while processing transaction: reverted with custom error 'ContextMismatch(1)',2.4497999995946884,0
measured,context,wrong_asset,26,0,1,settlement,VM Exception while processing transaction: reverted with custom error 'ContextMismatch(1)',2.584700000472367,0
measured,context,wrong_asset,27,0,1,settlement,VM Exception while processing transaction: reverted with custom error 'ContextMismatch(1)',3.2804000005126,0
measured,context,wrong_asset,28,0,1,settlement,VM Exception while processing transaction: reverted with custom error 'ContextMismatch(1)',2.140800000168383,0
measured,context,wrong_asset,29,0,1,settlement,VM Exception while processing transaction: reverted with custom error 'ContextMismatch(1)',2.5296000000089407,0
measured,context,wrong_consumer_id,0,0,1,settlement,VM Exception while processing transaction: reverted with custom error 'ContextMismatch(2)',3.6765999998897314,0
measured,context,wrong_consumer_id,1,0,1,settlement,VM Exception while processing transaction: reverted with custom error 'ContextMismatch(2)',2.5692999996244907,0
measured,context,wrong_consumer_id,2,0,1,settlement,VM Exception while processing transaction: reverted with custom error 'ContextMismatch(2)',2.2857999997213483,0
measured,context,wrong_consumer_id,3,0,1,settlement,VM Exception while processing transaction: reverted with custom error 'ContextMismatch(2)',2.592600000090897,0
measured,context,wrong_consumer_id,4,0,1,settlement,VM Exception while processing transaction: reverted with custom error 'ContextMismatch(2)',2.204200000502169,0
measured,context,wrong_consumer_id,5,0,1,settlement,VM Exception while processing transaction: reverted with custom error 'ContextMismatch(2)',2.6715000001713634,0
measured,context,wrong_consumer_id,6,0,1,settlement,VM Exception while processing transaction: reverted with custom error 'ContextMismatch(2)',2.5765000004321337,0
measured,context,wrong_consumer_id,7,0,1,settlement,VM Exception while processing transaction: reverted with custom error 'ContextMismatch(2)',2.703199999406934,0
measured,context,wrong_consumer_id,8,0,1,settlement,VM Exception while processing transaction: reverted with custom error 'ContextMismatch(2)',2.499699999578297,0
measured,context,wrong_consumer_id,9,0,1,settlement,VM Exception while processing transaction: reverted with custom error 'ContextMismatch(2)',2.5614999998360872,0
measured,context,wrong_consumer_id,10,0,1,settlement,VM Exception while processing transaction: reverted with custom error 'ContextMismatch(2)',2.662800000049174,0
measured,context,wrong_consumer_id,11,0,1,settlement,VM Exception while processing transaction: reverted with custom error 'ContextMismatch(2)',2.3442999999970198,0
measured,context,wrong_consumer_id,12,0,1,settlement,VM Exception while processing transaction: reverted with custom error 'ContextMismatch(2)',2.5093999998643994,0
measured,context,wrong_consumer_id,13,0,1,settlement,VM Exception while processing transaction: reverted with custom error 'ContextMismatch(2)',3.9532000003382564,0
measured,context,wrong_consumer_id,14,0,1,settlement,VM Exception while processing transaction: reverted with custom error 'ContextMismatch(2)',2.5365000003948808,0
measured,context,wrong_consumer_id,15,0,1,settlement,VM Exception while processing transaction: reverted with custom error 'ContextMismatch(2)',2.3893999997526407,0
measured,context,wrong_consumer_id,16,0,1,settlement,VM Exception while processing transaction: reverted with custom error 'ContextMismatch(2)',2.3919000001624227,0
measured,context,wrong_consumer_id,17,0,1,settlement,VM Exception while processing transaction: reverted with custom error 'ContextMismatch(2)',2.8258000006899238,0
measured,context,wrong_consumer_id,18,0,1,settlement,VM Exception while processing transaction: reverted with custom error 'ContextMismatch(2)',2.580299999564886,0
measured,context,wrong_consumer_id,19,0,1,settlement,VM Exception while processing transaction: reverted with custom error 'ContextMismatch(2)',3.1531999995931983,0
measured,context,wrong_consumer_id,20,0,1,settlement,VM Exception while processing transaction: reverted with custom error 'ContextMismatch(2)',3.108700000680983,0
measured,context,wrong_consumer_id,21,0,1,settlement,VM Exception while processing transaction: reverted with custom error 'ContextMismatch(2)',2.615100000053644,0
measured,context,wrong_consumer_id,22,0,1,settlement,VM Exception while processing transaction: reverted with custom error 'ContextMismatch(2)',2.3969999998807907,0
measured,context,wrong_consumer_id,23,0,1,settlement,VM Exception while processing transaction: reverted with custom error 'ContextMismatch(2)',2.6206999998539686,0
measured,context,wrong_consumer_id,24,0,1,settlement,VM Exception while processing transaction: reverted with custom error 'ContextMismatch(2)',2.4725000001490116,0
measured,context,wrong_consumer_id,25,0,1,settlement,VM Exception while processing transaction: reverted with custom error 'ContextMismatch(2)',2.343500000424683,0
measured,context,wrong_consumer_id,26,0,1,settlement,VM Exception while processing transaction: reverted with custom error 'ContextMismatch(2)',2.7280000001192093,0
measured,context,wrong_consumer_id,27,0,1,settlement,VM Exception while processing transaction: reverted with custom error 'ContextMismatch(2)',2.834099999628961,0
measured,context,wrong_consumer_id,28,0,1,settlement,VM Exception while processing transaction: reverted with custom error 'ContextMismatch(2)',2.2919000005349517,0
measured,context,wrong_consumer_id,29,0,1,settlement,VM Exception while processing transaction: reverted with custom error 'ContextMismatch(2)',2.46860000025481,0
measured,context,wrong_consumer_address,0,0,1,settlement,"VM Exception while processing transaction: reverted with custom error 'WrongConsumer(""0x70997970C51812dc3A010C7d01b50e0d17dc79C8"", ""0x3C44CdDdB6a900fa2b585dd299e03d12FA4293BC"")'",3.012699999846518,0
measured,context,wrong_consumer_address,1,0,1,settlement,"VM Exception while processing transaction: reverted with custom error 'WrongConsumer(""0x70997970C51812dc3A010C7d01b50e0d17dc79C8"", ""0x3C44CdDdB6a900fa2b585dd299e03d12FA4293BC"")'",3.81349999923259,0
measured,context,wrong_consumer_address,2,0,1,settlement,"VM Exception while processing transaction: reverted with custom error 'WrongConsumer(""0x70997970C51812dc3A010C7d01b50e0d17dc79C8"", ""0x3C44CdDdB6a900fa2b585dd299e03d12FA4293BC"")'",2.74379999935627,0
measured,context,wrong_consumer_address,3,0,1,settlement,"VM Exception while processing transaction: reverted with custom error 'WrongConsumer(""0x70997970C51812dc3A010C7d01b50e0d17dc79C8"", ""0x3C44CdDdB6a900fa2b585dd299e03d12FA4293BC"")'",3.745899999514222,0
measured,context,wrong_consumer_address,4,0,1,settlement,"VM Exception while processing transaction: reverted with custom error 'WrongConsumer(""0x70997970C51812dc3A010C7d01b50e0d17dc79C8"", ""0x3C44CdDdB6a900fa2b585dd299e03d12FA4293BC"")'",2.421800000593066,0
measured,context,wrong_consumer_address,5,0,1,settlement,"VM Exception while processing transaction: reverted with custom error 'WrongConsumer(""0x70997970C51812dc3A010C7d01b50e0d17dc79C8"", ""0x3C44CdDdB6a900fa2b585dd299e03d12FA4293BC"")'",2.2990999994799495,0
measured,context,wrong_consumer_address,6,0,1,settlement,"VM Exception while processing transaction: reverted with custom error 'WrongConsumer(""0x70997970C51812dc3A010C7d01b50e0d17dc79C8"", ""0x3C44CdDdB6a900fa2b585dd299e03d12FA4293BC"")'",2.563799999654293,0
measured,context,wrong_consumer_address,7,0,1,settlement,"VM Exception while processing transaction: reverted with custom error 'WrongConsumer(""0x70997970C51812dc3A010C7d01b50e0d17dc79C8"", ""0x3C44CdDdB6a900fa2b585dd299e03d12FA4293BC"")'",2.739599999971688,0
measured,context,wrong_consumer_address,8,0,1,settlement,"VM Exception while processing transaction: reverted with custom error 'WrongConsumer(""0x70997970C51812dc3A010C7d01b50e0d17dc79C8"", ""0x3C44CdDdB6a900fa2b585dd299e03d12FA4293BC"")'",2.926099999807775,0
measured,context,wrong_consumer_address,9,0,1,settlement,"VM Exception while processing transaction: reverted with custom error 'WrongConsumer(""0x70997970C51812dc3A010C7d01b50e0d17dc79C8"", ""0x3C44CdDdB6a900fa2b585dd299e03d12FA4293BC"")'",3.551699999719858,0
measured,context,wrong_consumer_address,10,0,1,settlement,"VM Exception while processing transaction: reverted with custom error 'WrongConsumer(""0x70997970C51812dc3A010C7d01b50e0d17dc79C8"", ""0x3C44CdDdB6a900fa2b585dd299e03d12FA4293BC"")'",3.7683999994769692,0
measured,context,wrong_consumer_address,11,0,1,settlement,"VM Exception while processing transaction: reverted with custom error 'WrongConsumer(""0x70997970C51812dc3A010C7d01b50e0d17dc79C8"", ""0x3C44CdDdB6a900fa2b585dd299e03d12FA4293BC"")'",2.2006999999284744,0
measured,context,wrong_consumer_address,12,0,1,settlement,"VM Exception while processing transaction: reverted with custom error 'WrongConsumer(""0x70997970C51812dc3A010C7d01b50e0d17dc79C8"", ""0x3C44CdDdB6a900fa2b585dd299e03d12FA4293BC"")'",2.083700000308454,0
measured,context,wrong_consumer_address,13,0,1,settlement,"VM Exception while processing transaction: reverted with custom error 'WrongConsumer(""0x70997970C51812dc3A010C7d01b50e0d17dc79C8"", ""0x3C44CdDdB6a900fa2b585dd299e03d12FA4293BC"")'",2.2990000005811453,0
measured,context,wrong_consumer_address,14,0,1,settlement,"VM Exception while processing transaction: reverted with custom error 'WrongConsumer(""0x70997970C51812dc3A010C7d01b50e0d17dc79C8"", ""0x3C44CdDdB6a900fa2b585dd299e03d12FA4293BC"")'",2.2253999998793006,0
measured,context,wrong_consumer_address,15,0,1,settlement,"VM Exception while processing transaction: reverted with custom error 'WrongConsumer(""0x70997970C51812dc3A010C7d01b50e0d17dc79C8"", ""0x3C44CdDdB6a900fa2b585dd299e03d12FA4293BC"")'",2.123199999332428,0
measured,context,wrong_consumer_address,16,0,1,settlement,"VM Exception while processing transaction: reverted with custom error 'WrongConsumer(""0x70997970C51812dc3A010C7d01b50e0d17dc79C8"", ""0x3C44CdDdB6a900fa2b585dd299e03d12FA4293BC"")'",2.307400000281632,0
measured,context,wrong_consumer_address,17,0,1,settlement,"VM Exception while processing transaction: reverted with custom error 'WrongConsumer(""0x70997970C51812dc3A010C7d01b50e0d17dc79C8"", ""0x3C44CdDdB6a900fa2b585dd299e03d12FA4293BC"")'",2.556400000117719,0
measured,context,wrong_consumer_address,18,0,1,settlement,"VM Exception while processing transaction: reverted with custom error 'WrongConsumer(""0x70997970C51812dc3A010C7d01b50e0d17dc79C8"", ""0x3C44CdDdB6a900fa2b585dd299e03d12FA4293BC"")'",2.3292999994009733,0
measured,context,wrong_consumer_address,19,0,1,settlement,"VM Exception while processing transaction: reverted with custom error 'WrongConsumer(""0x70997970C51812dc3A010C7d01b50e0d17dc79C8"", ""0x3C44CdDdB6a900fa2b585dd299e03d12FA4293BC"")'",2.183200000785291,0
measured,context,wrong_consumer_address,20,0,1,settlement,"VM Exception while processing transaction: reverted with custom error 'WrongConsumer(""0x70997970C51812dc3A010C7d01b50e0d17dc79C8"", ""0x3C44CdDdB6a900fa2b585dd299e03d12FA4293BC"")'",2.0565999997779727,0
measured,context,wrong_consumer_address,21,0,1,settlement,"VM Exception while processing transaction: reverted with custom error 'WrongConsumer(""0x70997970C51812dc3A010C7d01b50e0d17dc79C8"", ""0x3C44CdDdB6a900fa2b585dd299e03d12FA4293BC"")'",2.8788999998942018,0
measured,context,wrong_consumer_address,22,0,1,settlement,"VM Exception while processing transaction: reverted with custom error 'WrongConsumer(""0x70997970C51812dc3A010C7d01b50e0d17dc79C8"", ""0x3C44CdDdB6a900fa2b585dd299e03d12FA4293BC"")'",2.3162000002339482,0
measured,context,wrong_consumer_address,23,0,1,settlement,"VM Exception while processing transaction: reverted with custom error 'WrongConsumer(""0x70997970C51812dc3A010C7d01b50e0d17dc79C8"", ""0x3C44CdDdB6a900fa2b585dd299e03d12FA4293BC"")'",2.135400000028312,0
measured,context,wrong_consumer_address,24,0,1,settlement,"VM Exception while processing transaction: reverted with custom error 'WrongConsumer(""0x70997970C51812dc3A010C7d01b50e0d17dc79C8"", ""0x3C44CdDdB6a900fa2b585dd299e03d12FA4293BC"")'",2.2094999998807907,0
measured,context,wrong_consumer_address,25,0,1,settlement,"VM Exception while processing transaction: reverted with custom error 'WrongConsumer(""0x70997970C51812dc3A010C7d01b50e0d17dc79C8"", ""0x3C44CdDdB6a900fa2b585dd299e03d12FA4293BC"")'",2.0594999995082617,0
measured,context,wrong_consumer_address,26,0,1,settlement,"VM Exception while processing transaction: reverted with custom error 'WrongConsumer(""0x70997970C51812dc3A010C7d01b50e0d17dc79C8"", ""0x3C44CdDdB6a900fa2b585dd299e03d12FA4293BC"")'",3.267799999564886,0
measured,context,wrong_consumer_address,27,0,1,settlement,"VM Exception while processing transaction: reverted with custom error 'WrongConsumer(""0x70997970C51812dc3A010C7d01b50e0d17dc79C8"", ""0x3C44CdDdB6a900fa2b585dd299e03d12FA4293BC"")'",1.9664000002667308,0
measured,context,wrong_consumer_address,28,0,1,settlement,"VM Exception while processing transaction: reverted with custom error 'WrongConsumer(""0x70997970C51812dc3A010C7d01b50e0d17dc79C8"", ""0x3C44CdDdB6a900fa2b585dd299e03d12FA4293BC"")'",2.260800000280142,0
measured,context,wrong_consumer_address,29,0,1,settlement,"VM Exception while processing transaction: reverted with custom error 'WrongConsumer(""0x70997970C51812dc3A010C7d01b50e0d17dc79C8"", ""0x3C44CdDdB6a900fa2b585dd299e03d12FA4293BC"")'",2.091300000436604,0
measured,context,wrong_policy,0,0,1,settlement,VM Exception while processing transaction: reverted with custom error 'ContextMismatch(3)',3.2261999994516373,0
measured,context,wrong_policy,1,0,1,settlement,VM Exception while processing transaction: reverted with custom error 'ContextMismatch(3)',4.761099999770522,0
measured,context,wrong_policy,2,0,1,settlement,VM Exception while processing transaction: reverted with custom error 'ContextMismatch(3)',2.7314999997615814,0
measured,context,wrong_policy,3,0,1,settlement,VM Exception while processing transaction: reverted with custom error 'ContextMismatch(3)',3.3501999992877245,0
measured,context,wrong_policy,4,0,1,settlement,VM Exception while processing transaction: reverted with custom error 'ContextMismatch(3)',2.3541999999433756,0
measured,context,wrong_policy,5,0,1,settlement,VM Exception while processing transaction: reverted with custom error 'ContextMismatch(3)',2.2189000006765127,0
measured,context,wrong_policy,6,0,1,settlement,VM Exception while processing transaction: reverted with custom error 'ContextMismatch(3)',2.3811999997124076,0
measured,context,wrong_policy,7,0,1,settlement,VM Exception while processing transaction: reverted with custom error 'ContextMismatch(3)',2.902300000190735,0
measured,context,wrong_policy,8,0,1,settlement,VM Exception while processing transaction: reverted with custom error 'ContextMismatch(3)',2.7948000002652407,0
measured,context,wrong_policy,9,0,1,settlement,VM Exception while processing transaction: reverted with custom error 'ContextMismatch(3)',2.5067999996244907,0
measured,context,wrong_policy,10,0,1,settlement,VM Exception while processing transaction: reverted with custom error 'ContextMismatch(3)',2.4605999998748302,0
measured,context,wrong_policy,11,0,1,settlement,VM Exception while processing transaction: reverted with custom error 'ContextMismatch(3)',4.311000000685453,0
measured,context,wrong_policy,12,0,1,settlement,VM Exception while processing transaction: reverted with custom error 'ContextMismatch(3)',2.633699999190867,0
measured,context,wrong_policy,13,0,1,settlement,VM Exception while processing transaction: reverted with custom error 'ContextMismatch(3)',2.507000000216067,0
measured,context,wrong_policy,14,0,1,settlement,VM Exception while processing transaction: reverted with custom error 'ContextMismatch(3)',2.824200000613928,0
measured,context,wrong_policy,15,0,1,settlement,VM Exception while processing transaction: reverted with custom error 'ContextMismatch(3)',2.569500000216067,0
measured,context,wrong_policy,16,0,1,settlement,VM Exception while processing transaction: reverted with custom error 'ContextMismatch(3)',3.3536000000312924,0
measured,context,wrong_policy,17,0,1,settlement,VM Exception while processing transaction: reverted with custom error 'ContextMismatch(3)',3.2892999993637204,0
measured,context,wrong_policy,18,0,1,settlement,VM Exception while processing transaction: reverted with custom error 'ContextMismatch(3)',2.3092000000178814,0
measured,context,wrong_policy,19,0,1,settlement,VM Exception while processing transaction: reverted with custom error 'ContextMismatch(3)',3.1013000002130866,0
measured,context,wrong_policy,20,0,1,settlement,VM Exception while processing transaction: reverted with custom error 'ContextMismatch(3)',2.471000000834465,0
measured,context,wrong_policy,21,0,1,settlement,VM Exception while processing transaction: reverted with custom error 'ContextMismatch(3)',2.202399999834597,0
measured,context,wrong_policy,22,0,1,settlement,VM Exception while processing transaction: reverted with custom error 'ContextMismatch(3)',3.8516999995335937,0
measured,context,wrong_policy,23,0,1,settlement,VM Exception while processing transaction: reverted with custom error 'ContextMismatch(3)',2.4962999997660518,0
measured,context,wrong_policy,24,0,1,settlement,VM Exception while processing transaction: reverted with custom error 'ContextMismatch(3)',2.6188999991863966,0
measured,context,wrong_policy,25,0,1,settlement,VM Exception while processing transaction: reverted with custom error 'ContextMismatch(3)',2.595599999651313,0
measured,context,wrong_policy,26,0,1,settlement,VM Exception while processing transaction: reverted with custom error 'ContextMismatch(3)',2.4490999998524785,0
measured,context,wrong_policy,27,0,1,settlement,VM Exception while processing transaction: reverted with custom error 'ContextMismatch(3)',2.4833999993279576,0
measured,context,wrong_policy,28,0,1,settlement,VM Exception while processing transaction: reverted with custom error 'ContextMismatch(3)',2.1530999997630715,0
measured,context,wrong_policy,29,0,1,settlement,VM Exception while processing transaction: reverted with custom error 'ContextMismatch(3)',2.736999999731779,0
measured,context,wrong_function,0,0,1,settlement,VM Exception while processing transaction: reverted with custom error 'ContextMismatch(5)',4.410400000400841,0
measured,context,wrong_function,1,0,1,settlement,VM Exception while processing transaction: reverted with custom error 'ContextMismatch(5)',3.5897999992594123,0
measured,context,wrong_function,2,0,1,settlement,VM Exception while processing transaction: reverted with custom error 'ContextMismatch(5)',3.735100000165403,0
measured,context,wrong_function,3,0,1,settlement,VM Exception while processing transaction: reverted with custom error 'ContextMismatch(5)',3.58530000038445,0
measured,context,wrong_function,4,0,1,settlement,VM Exception while processing transaction: reverted with custom error 'ContextMismatch(5)',2.3431000001728535,0
measured,context,wrong_function,5,0,1,settlement,VM Exception while processing transaction: reverted with custom error 'ContextMismatch(5)',2.4417000003159046,0
measured,context,wrong_function,6,0,1,settlement,VM Exception while processing transaction: reverted with custom error 'ContextMismatch(5)',2.8259999994188547,0
measured,context,wrong_function,7,0,1,settlement,VM Exception while processing transaction: reverted with custom error 'ContextMismatch(5)',2.2611000007018447,0
measured,context,wrong_function,8,0,1,settlement,VM Exception while processing transaction: reverted with custom error 'ContextMismatch(5)',2.596499999985099,0
measured,context,wrong_function,9,0,1,settlement,VM Exception while processing transaction: reverted with custom error 'ContextMismatch(5)',2.5236999997869134,0
measured,context,wrong_function,10,0,1,settlement,VM Exception while processing transaction: reverted with custom error 'ContextMismatch(5)',2.900099999271333,0
measured,context,wrong_function,11,0,1,settlement,VM Exception while processing transaction: reverted with custom error 'ContextMismatch(5)',2.2739999992772937,0
measured,context,wrong_function,12,0,1,settlement,VM Exception while processing transaction: reverted with custom error 'ContextMismatch(5)',3.524400000460446,0
measured,context,wrong_function,13,0,1,settlement,VM Exception while processing transaction: reverted with custom error 'ContextMismatch(5)',2.123399999924004,0
measured,context,wrong_function,14,0,1,settlement,VM Exception while processing transaction: reverted with custom error 'ContextMismatch(5)',2.3707999996840954,0
measured,context,wrong_function,15,0,1,settlement,VM Exception while processing transaction: reverted with custom error 'ContextMismatch(5)',2.185899999924004,0
measured,context,wrong_function,16,0,1,settlement,VM Exception while processing transaction: reverted with custom error 'ContextMismatch(5)',2.5255000004544854,0
measured,context,wrong_function,17,0,1,settlement,VM Exception while processing transaction: reverted with custom error 'ContextMismatch(5)',2.7247000001370907,0
measured,context,wrong_function,18,0,1,settlement,VM Exception while processing transaction: reverted with custom error 'ContextMismatch(5)',2.5166000006720424,0
measured,context,wrong_function,19,0,1,settlement,VM Exception while processing transaction: reverted with custom error 'ContextMismatch(5)',3.4408999998122454,0
measured,context,wrong_function,20,0,1,settlement,VM Exception while processing transaction: reverted with custom error 'ContextMismatch(5)',2.466400000266731,0
measured,context,wrong_function,21,0,1,settlement,VM Exception while processing transaction: reverted with custom error 'ContextMismatch(5)',2.483700000680983,0
measured,context,wrong_function,22,0,1,settlement,VM Exception while processing transaction: reverted with custom error 'ContextMismatch(5)',3.6661000000312924,0
measured,context,wrong_function,23,0,1,settlement,VM Exception while processing transaction: reverted with custom error 'ContextMismatch(5)',3.040800000540912,0
measured,context,wrong_function,24,0,1,settlement,VM Exception while processing transaction: reverted with custom error 'ContextMismatch(5)',2.565999999642372,0
measured,context,wrong_function,25,0,1,settlement,VM Exception while processing transaction: reverted with custom error 'ContextMismatch(5)',2.6930999998003244,0
measured,context,wrong_function,26,0,1,settlement,VM Exception while processing transaction: reverted with custom error 'ContextMismatch(5)',2.598699999973178,0
measured,context,wrong_function,27,0,1,settlement,VM Exception while processing transaction: reverted with custom error 'ContextMismatch(5)',2.663099999539554,0
measured,context,wrong_function,28,0,1,settlement,VM Exception while processing transaction: reverted with custom error 'ContextMismatch(5)',2.6169999996200204,0
measured,context,wrong_function,29,0,1,settlement,VM Exception while processing transaction: reverted with custom error 'ContextMismatch(5)',3.7034999998286366,0
measured,context,wrong_result,0,0,1,settlement,VM Exception while processing transaction: reverted with custom error 'ContextMismatch(6)',3.924200000241399,0
measured,context,wrong_result,1,0,1,settlement,VM Exception while processing transaction: reverted with custom error 'ContextMismatch(6)',3.3547999998554587,0
measured,context,wrong_result,2,0,1,settlement,VM Exception while processing transaction: reverted with custom error 'ContextMismatch(6)',2.1429000003263354,0
measured,context,wrong_result,3,0,1,settlement,VM Exception while processing transaction: reverted with custom error 'ContextMismatch(6)',2.9963999995961785,0
measured,context,wrong_result,4,0,1,settlement,VM Exception while processing transaction: reverted with custom error 'ContextMismatch(6)',3.4729000004008412,0
measured,context,wrong_result,5,0,1,settlement,VM Exception while processing transaction: reverted with custom error 'ContextMismatch(6)',2.28800000064075,0
measured,context,wrong_result,6,0,1,settlement,VM Exception while processing transaction: reverted with custom error 'ContextMismatch(6)',2.260100000537932,0
measured,context,wrong_result,7,0,1,settlement,VM Exception while processing transaction: reverted with custom error 'ContextMismatch(6)',2.7307000001892447,0
measured,context,wrong_result,8,0,1,settlement,VM Exception while processing transaction: reverted with custom error 'ContextMismatch(6)',2.7626000000163913,0
measured,context,wrong_result,9,0,1,settlement,VM Exception while processing transaction: reverted with custom error 'ContextMismatch(6)',2.9158999994397163,0
measured,context,wrong_result,10,0,1,settlement,VM Exception while processing transaction: reverted with custom error 'ContextMismatch(6)',2.4786000000312924,0
measured,context,wrong_result,11,0,1,settlement,VM Exception while processing transaction: reverted with custom error 'ContextMismatch(6)',2.595800000242889,0
measured,context,wrong_result,12,0,1,settlement,VM Exception while processing transaction: reverted with custom error 'ContextMismatch(6)',2.1718999994918704,0
measured,context,wrong_result,13,0,1,settlement,VM Exception while processing transaction: reverted with custom error 'ContextMismatch(6)',2.3339999997988343,0
measured,context,wrong_result,14,0,1,settlement,VM Exception while processing transaction: reverted with custom error 'ContextMismatch(6)',2.3808999992907047,0
measured,context,wrong_result,15,0,1,settlement,VM Exception while processing transaction: reverted with custom error 'ContextMismatch(6)',2.3114000000059605,0
measured,context,wrong_result,16,0,1,settlement,VM Exception while processing transaction: reverted with custom error 'ContextMismatch(6)',2.548799999989569,0
measured,context,wrong_result,17,0,1,settlement,VM Exception while processing transaction: reverted with custom error 'ContextMismatch(6)',2.315600000321865,0
measured,context,wrong_result,18,0,1,settlement,VM Exception while processing transaction: reverted with custom error 'ContextMismatch(6)',2.398199999704957,0
measured,context,wrong_result,19,0,1,settlement,VM Exception while processing transaction: reverted with custom error 'ContextMismatch(6)',3.0156000005081296,0
measured,context,wrong_result,20,0,1,settlement,VM Exception while processing transaction: reverted with custom error 'ContextMismatch(6)',2.5753000006079674,0
measured,context,wrong_result,21,0,1,settlement,VM Exception while processing transaction: reverted with custom error 'ContextMismatch(6)',2.3897000001743436,0
measured,context,wrong_result,22,0,1,settlement,VM Exception while processing transaction: reverted with custom error 'ContextMismatch(6)',2.9081000005826354,0
measured,context,wrong_result,23,0,1,settlement,VM Exception while processing transaction: reverted with custom error 'ContextMismatch(6)',2.9028000002726912,0
measured,context,wrong_result,24,0,1,settlement,VM Exception while processing transaction: reverted with custom error 'ContextMismatch(6)',2.328999999910593,0
measured,context,wrong_result,25,0,1,settlement,VM Exception while processing transaction: reverted with custom error 'ContextMismatch(6)',2.43680000025779,0
measured,context,wrong_result,26,0,1,settlement,VM Exception while processing transaction: reverted with custom error 'ContextMismatch(6)',3.6619999995455146,0
measured,context,wrong_result,27,0,1,settlement,VM Exception while processing transaction: reverted with custom error 'ContextMismatch(6)',2.8630999997258186,0
measured,context,wrong_result,28,0,1,settlement,VM Exception while processing transaction: reverted with custom error 'ContextMismatch(6)',2.370800000615418,0
measured,context,wrong_result,29,0,1,settlement,VM Exception while processing transaction: reverted with custom error 'ContextMismatch(6)',2.5210999995470047,0
measured,tampering,altered_transcript,0,0,1,settlement,VM Exception while processing transaction: reverted with custom error 'ContextMismatch(9)',3.3360999999567866,0
measured,tampering,altered_transcript,1,0,1,settlement,VM Exception while processing transaction: reverted with custom error 'ContextMismatch(9)',3.6584999999031425,0
measured,tampering,altered_transcript,2,0,1,settlement,VM Exception while processing transaction: reverted with custom error 'ContextMismatch(9)',2.53870000038296,0
measured,tampering,altered_transcript,3,0,1,settlement,VM Exception while processing transaction: reverted with custom error 'ContextMismatch(9)',3.6454999996349216,0
measured,tampering,altered_transcript,4,0,1,settlement,VM Exception while processing transaction: reverted with custom error 'ContextMismatch(9)',2.558699999935925,0
measured,tampering,altered_transcript,5,0,1,settlement,VM Exception while processing transaction: reverted with custom error 'ContextMismatch(9)',2.9344999995082617,0
measured,tampering,altered_transcript,6,0,1,settlement,VM Exception while processing transaction: reverted with custom error 'ContextMismatch(9)',2.5778999999165535,0
measured,tampering,altered_transcript,7,0,1,settlement,VM Exception while processing transaction: reverted with custom error 'ContextMismatch(9)',2.383500000461936,0
measured,tampering,altered_transcript,8,0,1,settlement,VM Exception while processing transaction: reverted with custom error 'ContextMismatch(9)',2.3441000003367662,0
measured,tampering,altered_transcript,9,0,1,settlement,VM Exception while processing transaction: reverted with custom error 'ContextMismatch(9)',3.1292000003159046,0
measured,tampering,altered_transcript,10,0,1,settlement,VM Exception while processing transaction: reverted with custom error 'ContextMismatch(9)',3.1273999996483326,0
measured,tampering,altered_transcript,11,0,1,settlement,VM Exception while processing transaction: reverted with custom error 'ContextMismatch(9)',3.0655000004917383,0
measured,tampering,altered_transcript,12,0,1,settlement,VM Exception while processing transaction: reverted with custom error 'ContextMismatch(9)',7.421699999831617,0
measured,tampering,altered_transcript,13,0,1,settlement,VM Exception while processing transaction: reverted with custom error 'ContextMismatch(9)',3.3954999996349216,0
measured,tampering,altered_transcript,14,0,1,settlement,VM Exception while processing transaction: reverted with custom error 'ContextMismatch(9)',3.872499999590218,0
measured,tampering,altered_transcript,15,0,1,settlement,VM Exception while processing transaction: reverted with custom error 'ContextMismatch(9)',2.828600000590086,0
measured,tampering,altered_transcript,16,0,1,settlement,VM Exception while processing transaction: reverted with custom error 'ContextMismatch(9)',3.305800000205636,0
measured,tampering,altered_transcript,17,0,1,settlement,VM Exception while processing transaction: reverted with custom error 'ContextMismatch(9)',2.2832999993115664,0
measured,tampering,altered_transcript,18,0,1,settlement,VM Exception while processing transaction: reverted with custom error 'ContextMismatch(9)',2.4693999998271465,0
measured,tampering,altered_transcript,19,0,1,settlement,VM Exception while processing transaction: reverted with custom error 'ContextMismatch(9)',3.2748000007122755,0
measured,tampering,altered_transcript,20,0,1,settlement,VM Exception while processing transaction: reverted with custom error 'ContextMismatch(9)',2.3190000001341105,0
measured,tampering,altered_transcript,21,0,1,settlement,VM Exception while processing transaction: reverted with custom error 'ContextMismatch(9)',2.4808000000193715,0
measured,tampering,altered_transcript,22,0,1,settlement,VM Exception while processing transaction: reverted with custom error 'ContextMismatch(9)',2.5157999992370605,0
measured,tampering,altered_transcript,23,0,1,settlement,VM Exception while processing transaction: reverted with custom error 'ContextMismatch(9)',2.461800000630319,0
measured,tampering,altered_transcript,24,0,1,settlement,VM Exception while processing transaction: reverted with custom error 'ContextMismatch(9)',2.5031999992206693,0
measured,tampering,altered_transcript,25,0,1,settlement,VM Exception while processing transaction: reverted with custom error 'ContextMismatch(9)',2.245800000615418,0
measured,tampering,altered_transcript,26,0,1,settlement,VM Exception while processing transaction: reverted with custom error 'ContextMismatch(9)',2.8466999996453524,0
measured,tampering,altered_transcript,27,0,1,settlement,VM Exception while processing transaction: reverted with custom error 'ContextMismatch(9)',2.4556999998167157,0
measured,tampering,altered_transcript,28,0,1,settlement,VM Exception while processing transaction: reverted with custom error 'ContextMismatch(9)',2.8703999994322658,0
measured,tampering,altered_transcript,29,0,1,settlement,VM Exception while processing transaction: reverted with custom error 'ContextMismatch(9)',2.921699999831617,0
measured,tampering,altered_attestation,0,0,1,settlement,VM Exception while processing transaction: reverted with custom error 'ContextMismatch(10)',3.272899999283254,0
measured,tampering,altered_attestation,1,0,1,settlement,VM Exception while processing transaction: reverted with custom error 'ContextMismatch(10)',3.8212000001221895,0
measured,tampering,altered_attestation,2,0,1,settlement,VM Exception while processing transaction: reverted with custom error 'ContextMismatch(10)',3.6628999998793006,0
measured,tampering,altered_attestation,3,0,1,settlement,VM Exception while processing transaction: reverted with custom error 'ContextMismatch(10)',3.6241000005975366,0
measured,tampering,altered_attestation,4,0,1,settlement,VM Exception while processing transaction: reverted with custom error 'ContextMismatch(10)',2.626299999654293,0
measured,tampering,altered_attestation,5,0,1,settlement,VM Exception while processing transaction: reverted with custom error 'ContextMismatch(10)',2.611299999989569,0
measured,tampering,altered_attestation,6,0,1,settlement,VM Exception while processing transaction: reverted with custom error 'ContextMismatch(10)',3.298400000669062,0
measured,tampering,altered_attestation,7,0,1,settlement,VM Exception while processing transaction: reverted with custom error 'ContextMismatch(10)',2.2996999993920326,0
measured,tampering,altered_attestation,8,0,1,settlement,VM Exception while processing transaction: reverted with custom error 'ContextMismatch(10)',2.4997000005096197,0
measured,tampering,altered_attestation,9,0,1,settlement,VM Exception while processing transaction: reverted with custom error 'ContextMismatch(10)',2.60910000000149,0
measured,tampering,altered_attestation,10,0,1,settlement,VM Exception while processing transaction: reverted with custom error 'ContextMismatch(10)',2.529400000348687,0
measured,tampering,altered_attestation,11,0,1,settlement,VM Exception while processing transaction: reverted with custom error 'ContextMismatch(10)',3.1015000008046627,0
measured,tampering,altered_attestation,12,0,1,settlement,VM Exception while processing transaction: reverted with custom error 'ContextMismatch(10)',2.2475000005215406,0
measured,tampering,altered_attestation,13,0,1,settlement,VM Exception while processing transaction: reverted with custom error 'ContextMismatch(10)',2.415000000037253,0
measured,tampering,altered_attestation,14,0,1,settlement,VM Exception while processing transaction: reverted with custom error 'ContextMismatch(10)',2.803399999625981,0
measured,tampering,altered_attestation,15,0,1,settlement,VM Exception while processing transaction: reverted with custom error 'ContextMismatch(10)',3.080599999986589,0
measured,tampering,altered_attestation,16,0,1,settlement,VM Exception while processing transaction: reverted with custom error 'ContextMismatch(10)',2.5118000004440546,0
measured,tampering,altered_attestation,17,0,1,settlement,VM Exception while processing transaction: reverted with custom error 'ContextMismatch(10)',2.5699000004678965,0
measured,tampering,altered_attestation,18,0,1,settlement,VM Exception while processing transaction: reverted with custom error 'ContextMismatch(10)',2.4539000000804663,0
measured,tampering,altered_attestation,19,0,1,settlement,VM Exception while processing transaction: reverted with custom error 'ContextMismatch(10)',2.946000000461936,0
measured,tampering,altered_attestation,20,0,1,settlement,VM Exception while processing transaction: reverted with custom error 'ContextMismatch(10)',3.477799999527633,0
measured,tampering,altered_attestation,21,0,1,settlement,VM Exception while processing transaction: reverted with custom error 'ContextMismatch(10)',3.32149999961257,0
measured,tampering,altered_attestation,22,0,1,settlement,VM Exception while processing transaction: reverted with custom error 'ContextMismatch(10)',2.9671999998390675,0
measured,tampering,altered_attestation,23,0,1,settlement,VM Exception while processing transaction: reverted with custom error 'ContextMismatch(10)',2.7096999995410442,0
measured,tampering,altered_attestation,24,0,1,settlement,VM Exception while processing transaction: reverted with custom error 'ContextMismatch(10)',2.3120999997481704,0
measured,tampering,altered_attestation,25,0,1,settlement,VM Exception while processing transaction: reverted with custom error 'ContextMismatch(10)',2.493999999947846,0
measured,tampering,altered_attestation,26,0,1,settlement,VM Exception while processing transaction: reverted with custom error 'ContextMismatch(10)',2.6682000001892447,0
measured,tampering,altered_attestation,27,0,1,settlement,VM Exception while processing transaction: reverted with custom error 'ContextMismatch(10)',2.5452000005170703,0
measured,tampering,altered_attestation,28,0,1,settlement,VM Exception while processing transaction: reverted with custom error 'ContextMismatch(10)',2.3980000000447035,0
measured,tampering,altered_attestation,29,0,1,settlement,VM Exception while processing transaction: reverted with custom error 'ContextMismatch(10)',2.3859999999403954,0
measured,tampering,stale_attestation,0,0,1,settlement,"VM Exception while processing transaction: reverted with custom error 'StaleAttestation(1784453628000, 1)'",6.471699999645352,0
measured,tampering,stale_attestation,1,0,1,settlement,"VM Exception while processing transaction: reverted with custom error 'StaleAttestation(1784453628000, 1)'",4.26450000051409,0
measured,tampering,stale_attestation,2,0,1,settlement,"VM Exception while processing transaction: reverted with custom error 'StaleAttestation(1784453628000, 1)'",3.736399999819696,0
measured,tampering,stale_attestation,3,0,1,settlement,"VM Exception while processing transaction: reverted with custom error 'StaleAttestation(1784453628000, 1)'",6.830399999395013,0
measured,tampering,stale_attestation,4,0,1,settlement,"VM Exception while processing transaction: reverted with custom error 'StaleAttestation(1784453628000, 1)'",3.2612999994307756,0
measured,tampering,stale_attestation,5,0,1,settlement,"VM Exception while processing transaction: reverted with custom error 'StaleAttestation(1784453628000, 1)'",3.4182000001892447,0
measured,tampering,stale_attestation,6,0,1,settlement,"VM Exception while processing transaction: reverted with custom error 'StaleAttestation(1784453628000, 1)'",3.1490000002086163,0
measured,tampering,stale_attestation,7,0,1,settlement,"VM Exception while processing transaction: reverted with custom error 'StaleAttestation(1784453628000, 1)'",3.4685999993234873,0
measured,tampering,stale_attestation,8,0,1,settlement,"VM Exception while processing transaction: reverted with custom error 'StaleAttestation(1784453628000, 1)'",4.8336999993771315,0
measured,tampering,stale_attestation,9,0,1,settlement,"VM Exception while processing transaction: reverted with custom error 'StaleAttestation(1784453628000, 1)'",4.026099999435246,0
measured,tampering,stale_attestation,10,0,1,settlement,"VM Exception while processing transaction: reverted with custom error 'StaleAttestation(1784453628000, 1)'",5.760599999688566,0
measured,tampering,stale_attestation,11,0,1,settlement,"VM Exception while processing transaction: reverted with custom error 'StaleAttestation(1784453628000, 1)'",3.5622000005096197,0
measured,tampering,stale_attestation,12,0,1,settlement,"VM Exception while processing transaction: reverted with custom error 'StaleAttestation(1784453628000, 1)'",2.7641000002622604,0
measured,tampering,stale_attestation,13,0,1,settlement,"VM Exception while processing transaction: reverted with custom error 'StaleAttestation(1784453628000, 1)'",2.6011999994516373,0
measured,tampering,stale_attestation,14,0,1,settlement,"VM Exception while processing transaction: reverted with custom error 'StaleAttestation(1784453628000, 1)'",3.245899999514222,0
measured,tampering,stale_attestation,15,0,1,settlement,"VM Exception while processing transaction: reverted with custom error 'StaleAttestation(1784453628000, 1)'",2.743300000205636,0
measured,tampering,stale_attestation,16,0,1,settlement,"VM Exception while processing transaction: reverted with custom error 'StaleAttestation(1784453628000, 1)'",3.8281000005081296,0
measured,tampering,stale_attestation,17,0,1,settlement,"VM Exception while processing transaction: reverted with custom error 'StaleAttestation(1784453628000, 1)'",2.7990000005811453,0
measured,tampering,stale_attestation,18,0,1,settlement,"VM Exception while processing transaction: reverted with custom error 'StaleAttestation(1784453628000, 1)'",2.747400000691414,0
measured,tampering,stale_attestation,19,0,1,settlement,"VM Exception while processing transaction: reverted with custom error 'StaleAttestation(1784453628000, 1)'",2.5567999994382262,0
measured,tampering,stale_attestation,20,0,1,settlement,"VM Exception while processing transaction: reverted with custom error 'StaleAttestation(1784453628000, 1)'",3.0032999999821186,0
measured,tampering,stale_attestation,21,0,1,settlement,"VM Exception while processing transaction: reverted with custom error 'StaleAttestation(1784453628000, 1)'",2.8576999995857477,0
measured,tampering,stale_attestation,22,0,1,settlement,"VM Exception while processing transaction: reverted with custom error 'StaleAttestation(1784453628000, 1)'",4.437199999578297,0
measured,tampering,stale_attestation,23,0,1,settlement,"VM Exception while processing transaction: reverted with custom error 'StaleAttestation(1784453628000, 1)'",2.9160000002011657,0
measured,tampering,stale_attestation,24,0,1,settlement,"VM Exception while processing transaction: reverted with custom error 'StaleAttestation(1784453628000, 1)'",3.1029000002890825,0
measured,tampering,stale_attestation,25,0,1,settlement,"VM Exception while processing transaction: reverted with custom error 'StaleAttestation(1784453628000, 1)'",3.002199999988079,0
measured,tampering,stale_attestation,26,0,1,settlement,"VM Exception while processing transaction: reverted with custom error 'StaleAttestation(1784453628000, 1)'",2.9429999999701977,0
measured,tampering,stale_attestation,27,0,1,settlement,"VM Exception while processing transaction: reverted with custom error 'StaleAttestation(1784453628000, 1)'",4.059699999168515,0
measured,tampering,stale_attestation,28,0,1,settlement,"VM Exception while processing transaction: reverted with custom error 'StaleAttestation(1784453628000, 1)'",2.6474000001326203,0
measured,tampering,stale_attestation,29,0,1,settlement,"VM Exception while processing transaction: reverted with custom error 'StaleAttestation(1784453628000, 1)'",4.891900000162423,0
measured,tampering,tampered_proof,0,0,1,settlement,"VM Exception while processing transaction: reverted with custom error 'InvalidProof(""0x0f18fb4411ea2c261c19ff7f3565d6904c2464f684e4059f942d85db66e70093"")'",4.747600000351667,0
measured,tampering,tampered_proof,1,0,1,settlement,"VM Exception while processing transaction: reverted with custom error 'InvalidProof(""0x0f18fb4411ea2c261c19ff7f3565d6904c2464f684e4059f942d85db66e70093"")'",6.238599999807775,0
measured,tampering,tampered_proof,2,0,1,settlement,"VM Exception while processing transaction: reverted with custom error 'InvalidProof(""0x0f18fb4411ea2c261c19ff7f3565d6904c2464f684e4059f942d85db66e70093"")'",4.594700000248849,0
measured,tampering,tampered_proof,3,0,1,settlement,"VM Exception while processing transaction: reverted with custom error 'InvalidProof(""0x0f18fb4411ea2c261c19ff7f3565d6904c2464f684e4059f942d85db66e70093"")'",5.13980000000447,0
measured,tampering,tampered_proof,4,0,1,settlement,"VM Exception while processing transaction: reverted with custom error 'InvalidProof(""0x0f18fb4411ea2c261c19ff7f3565d6904c2464f684e4059f942d85db66e70093"")'",4.143800000660121,0
measured,tampering,tampered_proof,5,0,1,settlement,"VM Exception while processing transaction: reverted with custom error 'InvalidProof(""0x0f18fb4411ea2c261c19ff7f3565d6904c2464f684e4059f942d85db66e70093"")'",4.2596000004559755,0
measured,tampering,tampered_proof,6,0,1,settlement,"VM Exception while processing transaction: reverted with custom error 'InvalidProof(""0x0f18fb4411ea2c261c19ff7f3565d6904c2464f684e4059f942d85db66e70093"")'",4.678299999795854,0
measured,tampering,tampered_proof,7,0,1,settlement,"VM Exception while processing transaction: reverted with custom error 'InvalidProof(""0x0f18fb4411ea2c261c19ff7f3565d6904c2464f684e4059f942d85db66e70093"")'",5.21059999987483,0
measured,tampering,tampered_proof,8,0,1,settlement,"VM Exception while processing transaction: reverted with custom error 'InvalidProof(""0x0f18fb4411ea2c261c19ff7f3565d6904c2464f684e4059f942d85db66e70093"")'",5.690899999812245,0
measured,tampering,tampered_proof,9,0,1,settlement,"VM Exception while processing transaction: reverted with custom error 'InvalidProof(""0x0f18fb4411ea2c261c19ff7f3565d6904c2464f684e4059f942d85db66e70093"")'",4.725999999791384,0
measured,tampering,tampered_proof,10,0,1,settlement,"VM Exception while processing transaction: reverted with custom error 'InvalidProof(""0x0f18fb4411ea2c261c19ff7f3565d6904c2464f684e4059f942d85db66e70093"")'",4.2247999999672174,0
measured,tampering,tampered_proof,11,0,1,settlement,"VM Exception while processing transaction: reverted with custom error 'InvalidProof(""0x0f18fb4411ea2c261c19ff7f3565d6904c2464f684e4059f942d85db66e70093"")'",5.208999999798834,0
measured,tampering,tampered_proof,12,0,1,settlement,"VM Exception while processing transaction: reverted with custom error 'InvalidProof(""0x0f18fb4411ea2c261c19ff7f3565d6904c2464f684e4059f942d85db66e70093"")'",5.112600000575185,0
measured,tampering,tampered_proof,13,0,1,settlement,"VM Exception while processing transaction: reverted with custom error 'InvalidProof(""0x0f18fb4411ea2c261c19ff7f3565d6904c2464f684e4059f942d85db66e70093"")'",4.088200000114739,0
measured,tampering,tampered_proof,14,0,1,settlement,"VM Exception while processing transaction: reverted with custom error 'InvalidProof(""0x0f18fb4411ea2c261c19ff7f3565d6904c2464f684e4059f942d85db66e70093"")'",4.367300000041723,0
measured,tampering,tampered_proof,15,0,1,settlement,"VM Exception while processing transaction: reverted with custom error 'InvalidProof(""0x0f18fb4411ea2c261c19ff7f3565d6904c2464f684e4059f942d85db66e70093"")'",5.24100000038743,0
measured,tampering,tampered_proof,16,0,1,settlement,"VM Exception while processing transaction: reverted with custom error 'InvalidProof(""0x0f18fb4411ea2c261c19ff7f3565d6904c2464f684e4059f942d85db66e70093"")'",5.22029999922961,0
measured,tampering,tampered_proof,17,0,1,settlement,"VM Exception while processing transaction: reverted with custom error 'InvalidProof(""0x0f18fb4411ea2c261c19ff7f3565d6904c2464f684e4059f942d85db66e70093"")'",4.650799999944866,0
measured,tampering,tampered_proof,18,0,1,settlement,"VM Exception while processing transaction: reverted with custom error 'InvalidProof(""0x0f18fb4411ea2c261c19ff7f3565d6904c2464f684e4059f942d85db66e70093"")'",4.5893000001087785,0
measured,tampering,tampered_proof,19,0,1,settlement,"VM Exception while processing transaction: reverted with custom error 'InvalidProof(""0x0f18fb4411ea2c261c19ff7f3565d6904c2464f684e4059f942d85db66e70093"")'",4.158699999563396,0
measured,tampering,tampered_proof,20,0,1,settlement,"VM Exception while processing transaction: reverted with custom error 'InvalidProof(""0x0f18fb4411ea2c261c19ff7f3565d6904c2464f684e4059f942d85db66e70093"")'",4.894100000150502,0
measured,tampering,tampered_proof,21,0,1,settlement,"VM Exception while processing transaction: reverted with custom error 'InvalidProof(""0x0f18fb4411ea2c261c19ff7f3565d6904c2464f684e4059f942d85db66e70093"")'",4.7193999998271465,0
measured,tampering,tampered_proof,22,0,1,settlement,"VM Exception while processing transaction: reverted with custom error 'InvalidProof(""0x0f18fb4411ea2c261c19ff7f3565d6904c2464f684e4059f942d85db66e70093"")'",5.051300000399351,0
measured,tampering,tampered_proof,23,0,1,settlement,"VM Exception while processing transaction: reverted with custom error 'InvalidProof(""0x0f18fb4411ea2c261c19ff7f3565d6904c2464f684e4059f942d85db66e70093"")'",4.178600000217557,0
measured,tampering,tampered_proof,24,0,1,settlement,"VM Exception while processing transaction: reverted with custom error 'InvalidProof(""0x0f18fb4411ea2c261c19ff7f3565d6904c2464f684e4059f942d85db66e70093"")'",4.375899999402463,0
measured,tampering,tampered_proof,25,0,1,settlement,"VM Exception while processing transaction: reverted with custom error 'InvalidProof(""0x0f18fb4411ea2c261c19ff7f3565d6904c2464f684e4059f942d85db66e70093"")'",3.955599999986589,0
measured,tampering,tampered_proof,26,0,1,settlement,"VM Exception while processing transaction: reverted with custom error 'InvalidProof(""0x0f18fb4411ea2c261c19ff7f3565d6904c2464f684e4059f942d85db66e70093"")'",4.064900000579655,0
measured,tampering,tampered_proof,27,0,1,settlement,"VM Exception while processing transaction: reverted with custom error 'InvalidProof(""0x0f18fb4411ea2c261c19ff7f3565d6904c2464f684e4059f942d85db66e70093"")'",5.004300000146031,0
measured,tampering,tampered_proof,28,0,1,settlement,"VM Exception while processing transaction: reverted with custom error 'InvalidProof(""0x0f18fb4411ea2c261c19ff7f3565d6904c2464f684e4059f942d85db66e70093"")'",5.041699999943376,0
measured,tampering,tampered_proof,29,0,1,settlement,"VM Exception while processing transaction: reverted with custom error 'InvalidProof(""0x0f18fb4411ea2c261c19ff7f3565d6904c2464f684e4059f942d85db66e70093"")'",4.046299999579787,0
measured,replay,nullifier_replay,0,0,1,settlement,"VM Exception while processing transaction: reverted with custom error 'RequestNotApproved(""0xcf18f72186307fc3756e52f1f958344927e82024695f4c14c91cd79189b4f7d3"")'",2.9665000000968575,0
measured,replay,nullifier_replay,1,0,1,settlement,"VM Exception while processing transaction: reverted with custom error 'RequestNotApproved(""0xcf18f72186307fc3756e52f1f958344927e82024695f4c14c91cd79189b4f7d3"")'",2.3767999997362494,0
measured,replay,nullifier_replay,2,0,1,settlement,"VM Exception while processing transaction: reverted with custom error 'RequestNotApproved(""0xcf18f72186307fc3756e52f1f958344927e82024695f4c14c91cd79189b4f7d3"")'",3.6410999996587634,0
measured,replay,nullifier_replay,3,0,1,settlement,"VM Exception while processing transaction: reverted with custom error 'RequestNotApproved(""0xcf18f72186307fc3756e52f1f958344927e82024695f4c14c91cd79189b4f7d3"")'",2.2539999997243285,0
measured,replay,nullifier_replay,4,0,1,settlement,"VM Exception while processing transaction: reverted with custom error 'RequestNotApproved(""0xcf18f72186307fc3756e52f1f958344927e82024695f4c14c91cd79189b4f7d3"")'",2.3170000007376075,0
measured,replay,nullifier_replay,5,0,1,settlement,"VM Exception while processing transaction: reverted with custom error 'RequestNotApproved(""0xcf18f72186307fc3756e52f1f958344927e82024695f4c14c91cd79189b4f7d3"")'",2.2505000000819564,0
measured,replay,nullifier_replay,6,0,1,settlement,"VM Exception while processing transaction: reverted with custom error 'RequestNotApproved(""0xcf18f72186307fc3756e52f1f958344927e82024695f4c14c91cd79189b4f7d3"")'",3.044499999843538,0
measured,replay,nullifier_replay,7,0,1,settlement,"VM Exception while processing transaction: reverted with custom error 'RequestNotApproved(""0xcf18f72186307fc3756e52f1f958344927e82024695f4c14c91cd79189b4f7d3"")'",2.3821000000461936,0
measured,replay,nullifier_replay,8,0,1,settlement,"VM Exception while processing transaction: reverted with custom error 'RequestNotApproved(""0xcf18f72186307fc3756e52f1f958344927e82024695f4c14c91cd79189b4f7d3"")'",2.8310000002384186,0
measured,replay,nullifier_replay,9,0,1,settlement,"VM Exception while processing transaction: reverted with custom error 'RequestNotApproved(""0xcf18f72186307fc3756e52f1f958344927e82024695f4c14c91cd79189b4f7d3"")'",2.2330999998375773,0
measured,replay,nullifier_replay,10,0,1,settlement,"VM Exception while processing transaction: reverted with custom error 'RequestNotApproved(""0xcf18f72186307fc3756e52f1f958344927e82024695f4c14c91cd79189b4f7d3"")'",2.255300000309944,0
measured,replay,nullifier_replay,11,0,1,settlement,"VM Exception while processing transaction: reverted with custom error 'RequestNotApproved(""0xcf18f72186307fc3756e52f1f958344927e82024695f4c14c91cd79189b4f7d3"")'",2.4471999993547797,0
measured,replay,nullifier_replay,12,0,1,settlement,"VM Exception while processing transaction: reverted with custom error 'RequestNotApproved(""0xcf18f72186307fc3756e52f1f958344927e82024695f4c14c91cd79189b4f7d3"")'",2.150399999693036,0
measured,replay,nullifier_replay,13,0,1,settlement,"VM Exception while processing transaction: reverted with custom error 'RequestNotApproved(""0xcf18f72186307fc3756e52f1f958344927e82024695f4c14c91cd79189b4f7d3"")'",2.1102999998256564,0
measured,replay,nullifier_replay,14,0,1,settlement,"VM Exception while processing transaction: reverted with custom error 'RequestNotApproved(""0xcf18f72186307fc3756e52f1f958344927e82024695f4c14c91cd79189b4f7d3"")'",2.2462999997660518,0
measured,replay,nullifier_replay,15,0,1,settlement,"VM Exception while processing transaction: reverted with custom error 'RequestNotApproved(""0xcf18f72186307fc3756e52f1f958344927e82024695f4c14c91cd79189b4f7d3"")'",2.546200000680983,0
measured,replay,nullifier_replay,16,0,1,settlement,"VM Exception while processing transaction: reverted with custom error 'RequestNotApproved(""0xcf18f72186307fc3756e52f1f958344927e82024695f4c14c91cd79189b4f7d3"")'",2.7001000000163913,0
measured,replay,nullifier_replay,17,0,1,settlement,"VM Exception while processing transaction: reverted with custom error 'RequestNotApproved(""0xcf18f72186307fc3756e52f1f958344927e82024695f4c14c91cd79189b4f7d3"")'",3.214000000618398,0
measured,replay,nullifier_replay,18,0,1,settlement,"VM Exception while processing transaction: reverted with custom error 'RequestNotApproved(""0xcf18f72186307fc3756e52f1f958344927e82024695f4c14c91cd79189b4f7d3"")'",2.796699999831617,0
measured,replay,nullifier_replay,19,0,1,settlement,"VM Exception while processing transaction: reverted with custom error 'RequestNotApproved(""0xcf18f72186307fc3756e52f1f958344927e82024695f4c14c91cd79189b4f7d3"")'",2.8116999994963408,0
measured,replay,nullifier_replay,20,0,1,settlement,"VM Exception while processing transaction: reverted with custom error 'RequestNotApproved(""0xcf18f72186307fc3756e52f1f958344927e82024695f4c14c91cd79189b4f7d3"")'",1.9741999991238117,0
measured,replay,nullifier_replay,21,0,1,settlement,"VM Exception while processing transaction: reverted with custom error 'RequestNotApproved(""0xcf18f72186307fc3756e52f1f958344927e82024695f4c14c91cd79189b4f7d3"")'",2.7154999999329448,0
measured,replay,nullifier_replay,22,0,1,settlement,"VM Exception while processing transaction: reverted with custom error 'RequestNotApproved(""0xcf18f72186307fc3756e52f1f958344927e82024695f4c14c91cd79189b4f7d3"")'",3.6016999995335937,0
measured,replay,nullifier_replay,23,0,1,settlement,"VM Exception while processing transaction: reverted with custom error 'RequestNotApproved(""0xcf18f72186307fc3756e52f1f958344927e82024695f4c14c91cd79189b4f7d3"")'",2.2383000003173947,0
measured,replay,nullifier_replay,24,0,1,settlement,"VM Exception while processing transaction: reverted with custom error 'RequestNotApproved(""0xcf18f72186307fc3756e52f1f958344927e82024695f4c14c91cd79189b4f7d3"")'",2.2770999995991588,0
measured,replay,nullifier_replay,25,0,1,settlement,"VM Exception while processing transaction: reverted with custom error 'RequestNotApproved(""0xcf18f72186307fc3756e52f1f958344927e82024695f4c14c91cd79189b4f7d3"")'",3.586800000630319,0
measured,replay,nullifier_replay,26,0,1,settlement,"VM Exception while processing transaction: reverted with custom error 'RequestNotApproved(""0xcf18f72186307fc3756e52f1f958344927e82024695f4c14c91cd79189b4f7d3"")'",2.0279999999329448,0
measured,replay,nullifier_replay,27,0,1,settlement,"VM Exception while processing transaction: reverted with custom error 'RequestNotApproved(""0xcf18f72186307fc3756e52f1f958344927e82024695f4c14c91cd79189b4f7d3"")'",1.9956000000238419,0
measured,replay,nullifier_replay,28,0,1,settlement,"VM Exception while processing transaction: reverted with custom error 'RequestNotApproved(""0xcf18f72186307fc3756e52f1f958344927e82024695f4c14c91cd79189b4f7d3"")'",2.278800000436604,0
measured,replay,nullifier_replay,29,0,1,settlement,"VM Exception while processing transaction: reverted with custom error 'RequestNotApproved(""0xcf18f72186307fc3756e52f1f958344927e82024695f4c14c91cd79189b4f7d3"")'",2.2965000001713634,0
